Date;Power
2022-10-13 00:00:00;312.4466666666666
2022-10-13 00:01:00;311.57666666666665
2022-10-13 00:02:00;295.6
2022-10-13 00:03:00;284.3333333333333
2022-10-13 00:04:00;275.33
2022-10-13 00:05:00;267.30333333333334
2022-10-13 00:06:00;263.59
2022-10-13 00:07:00;261.5
2022-10-13 00:08:00;259.67333333333335
2022-10-13 00:09:00;258.09
2022-10-13 00:10:00;257.6233333333333
2022-10-13 00:11:00;257.3433333333334
2022-10-13 00:12:00;257.17333333333335
2022-10-13 00:13:00;171.83666666666667
2022-10-13 00:14:00;0.0
2022-10-13 00:15:00;0.0
2022-10-13 00:16:00;0.0
2022-10-13 00:17:00;0.0
2022-10-13 00:18:00;0.0
2022-10-13 00:19:00;0.0
2022-10-13 00:20:00;0.0
2022-10-13 00:21:00;0.0
2022-10-13 00:22:00;0.0
2022-10-13 00:23:00;0.0
2022-10-13 00:24:00;15.735
2022-10-13 00:25:00;156.74999999999997
2022-10-13 00:26:00;156.36000000000004
2022-10-13 00:27:00;148.70333333333335
2022-10-13 00:28:00;142.66833333333332
2022-10-13 00:29:00;295.22333333333336
2022-10-13 00:30:00;291.49
2022-10-13 00:31:00;283.2666666666667
2022-10-13 00:32:00;275.53499999999997
2022-10-13 00:33:00;269.96166666666664
2022-10-13 00:34:00;264.85
2022-10-13 00:35:00;261.8516666666667
2022-10-13 00:36:00;259.405
2022-10-13 00:37:00;331.94
2022-10-13 00:38:00;400.36333333333334
2022-10-13 00:39:00;280.6533333333333
2022-10-13 00:40:00;271.5583333333333
2022-10-13 00:41:00;265.78166666666664
2022-10-13 00:42:00;259.5583333333334
2022-10-13 00:43:00;134.7866666666667
2022-10-13 00:44:00;276.9533333333333
2022-10-13 00:45:00;286.3883333333333
2022-10-13 00:46:00;277.7216666666667
2022-10-13 00:47:00;271.35833333333335
2022-10-13 00:48:00;266.725
2022-10-13 00:49:00;262.45000000000005
2022-10-13 00:50:00;260.44166666666666
2022-10-13 00:51:00;154.61666666666665
2022-10-13 00:52:00;129.90666666666667
2022-10-13 00:53:00;261.77
2022-10-13 00:54:00;285.1733333333333
2022-10-13 00:55:00;277.72333333333336
2022-10-13 00:56:00;271.41833333333335
2022-10-13 00:57:00;232.86666666666667
2022-10-13 00:58:00;134.06166666666667
2022-10-13 00:59:00;132.04333333333335
2022-10-13 01:00:00;130.88
2022-10-13 01:01:00;129.99499999999998
2022-10-13 01:02:00;129.1083333333333
2022-10-13 01:03:00;128.84
2022-10-13 01:04:00;128.68833333333336
2022-10-13 01:05:00;128.60000000000002
2022-10-13 01:06:00;105.195
2022-10-13 01:07:00;0.0
2022-10-13 01:08:00;0.0
2022-10-13 01:09:00;0.0
2022-10-13 01:10:00;0.0
2022-10-13 01:11:00;0.0
2022-10-13 01:12:00;0.0
2022-10-13 01:13:00;0.0
2022-10-13 01:14:00;0.0
2022-10-13 01:15:00;0.0
2022-10-13 01:16:00;0.0
2022-10-13 01:17:00;0.0
2022-10-13 01:18:00;0.0
2022-10-13 01:19:00;0.0
2022-10-13 01:20:00;3.713333333333333
2022-10-13 01:21:00;155.12499999999997
2022-10-13 01:22:00;155.71666666666667
2022-10-13 01:23:00;147.66166666666666
2022-10-13 01:24:00;142.0966666666667
2022-10-13 01:25:00;137.585
2022-10-13 01:26:00;133.61
2022-10-13 01:27:00;131.76833333333332
2022-10-13 01:28:00;189.57833333333335
2022-10-13 01:29:00;288.0383333333333
2022-10-13 01:30:00;283.8616666666666
2022-10-13 01:31:00;275.3566666666667
2022-10-13 01:32:00;270.15166666666664
2022-10-13 01:33:00;265.98
2022-10-13 01:34:00;217.91333333333336
2022-10-13 01:35:00;133.41
2022-10-13 01:36:00;132.02
2022-10-13 01:37:00;130.62833333333333
2022-10-13 01:38:00;129.2416666666667
2022-10-13 01:39:00;127.85
2022-10-13 01:40:00;126.45833333333331
2022-10-13 01:41:00;125.07166666666666
2022-10-13 01:42:00;216.41666666666669
2022-10-13 01:43:00;156.23666666666668
2022-10-13 01:44:00;148.76833333333337
2022-10-13 01:45:00;142.67333333333335
2022-10-13 01:46:00;239.46666666666664
2022-10-13 01:47:00;291.53999999999996
2022-10-13 01:48:00;347.08500000000004
2022-10-13 01:49:00;432.44000000000005
2022-10-13 01:50:00;423.3883333333333
2022-10-13 01:51:00;410.60333333333324
2022-10-13 01:52:00;403.195
2022-10-13 01:53:00;397.415
2022-10-13 01:54:00;393.1483333333333
2022-10-13 01:55:00;362.42333333333335
2022-10-13 01:56:00;259.275
2022-10-13 01:57:00;256.92
2022-10-13 01:58:00;255.01666666666665
2022-10-13 01:59:00;253.44666666666666
2022-10-13 02:00:00;174.0066666666667
2022-10-13 02:01:00;128.54666666666665
2022-10-13 02:02:00;34.51833333333333
2022-10-13 02:03:00;0.0
2022-10-13 02:04:00;0.0
2022-10-13 02:05:00;0.0
2022-10-13 02:06:00;0.0
2022-10-13 02:07:00;0.0
2022-10-13 02:08:00;0.0
2022-10-13 02:09:00;83.12166666666667
2022-10-13 02:10:00;156.85333333333335
2022-10-13 02:11:00;151.8033333333333
2022-10-13 02:12:00;144.28500000000005
2022-10-13 02:13:00;139.94500000000002
2022-10-13 02:14:00;135.14666666666668
2022-10-13 02:15:00;132.63000000000002
2022-10-13 02:16:00;131.145
2022-10-13 02:17:00;150.075
2022-10-13 02:18:00;284.0683333333333
2022-10-13 02:19:00;284.03
2022-10-13 02:20:00;291.4266666666667
2022-10-13 02:21:00;427.05000000000007
2022-10-13 02:22:00;421.9666666666667
2022-10-13 02:23:00;299.4866666666667
2022-10-13 02:24:00;274.2816666666667
2022-10-13 02:25:00;269.1733333333334
2022-10-13 02:26:00;264.5733333333333
2022-10-13 02:27:00;262.6066666666666
2022-10-13 02:28:00;261.2016666666667
2022-10-13 02:29:00;259.6833333333334
2022-10-13 02:30:00;258.21000000000004
2022-10-13 02:31:00;199.17000000000004
2022-10-13 02:32:00;126.85333333333332
2022-10-13 02:33:00;125.465
2022-10-13 02:34:00;113.78666666666668
2022-10-13 02:35:00;0.0
2022-10-13 02:36:00;0.0
2022-10-13 02:37:00;0.0
2022-10-13 02:38:00;0.0
2022-10-13 02:39:00;0.0
2022-10-13 02:40:00;0.0
2022-10-13 02:41:00;0.0
2022-10-13 02:42:00;0.0
2022-10-13 02:43:00;0.0
2022-10-13 02:44:00;0.0
2022-10-13 02:45:00;0.0
2022-10-13 02:46:00;0.0
2022-10-13 02:47:00;0.0
2022-10-13 02:48:00;0.0
2022-10-13 02:49:00;0.0
2022-10-13 02:50:00;0.0
2022-10-13 02:51:00;0.0
2022-10-13 02:52:00;0.0
2022-10-13 02:53:00;0.0
2022-10-13 02:54:00;0.0
2022-10-13 02:55:00;0.0
2022-10-13 02:56:00;0.0
2022-10-13 02:57:00;20.755
2022-10-13 02:58:00;156.985
2022-10-13 02:59:00;255.02999999999997
2022-10-13 03:00:00;305.2366666666667
2022-10-13 03:01:00;293.405
2022-10-13 03:02:00;282.14666666666665
2022-10-13 03:03:00;274.205
2022-10-13 03:04:00;335.89
2022-10-13 03:05:00;421.5466666666667
2022-10-13 03:06:00;414.7583333333333
2022-10-13 03:07:00;404.6633333333333
2022-10-13 03:08:00;397.8283333333334
2022-10-13 03:09:00;391.23333333333335
2022-10-13 03:10:00;386.975
2022-10-13 03:11:00;369.46500000000003
2022-10-13 03:12:00;258.90000000000003
2022-10-13 03:13:00;133.94666666666672
2022-10-13 03:14:00;128.91833333333335
2022-10-13 03:15:00;169.69
2022-10-13 03:16:00;286.4150000000001
2022-10-13 03:17:00;308.91833333333335
2022-10-13 03:18:00;332.54666666666674
2022-10-13 03:19:00;296.87666666666667
2022-10-13 03:20:00;284.56999999999994
2022-10-13 03:21:00;275.88166666666666
2022-10-13 03:22:00;270.4666666666667
2022-10-13 03:23:00;265.52500000000003
2022-10-13 03:24:00;262.355
2022-10-13 03:25:00;260.0233333333333
2022-10-13 03:26:00;257.6916666666666
2022-10-13 03:27:00;255.61999999999995
2022-10-13 03:28:00;254.01500000000004
2022-10-13 03:29:00;221.66833333333338
2022-10-13 03:30:00;128.57166666666666
2022-10-13 03:31:00;115.22500000000001
2022-10-13 03:32:00;158.01000000000002
2022-10-13 03:33:00;155.3
2022-10-13 03:34:00;146.965
2022-10-13 03:35:00;141.75833333333333
2022-10-13 03:36:00;137.645
2022-10-13 03:37:00;134.24333333333334
2022-10-13 03:38:00;133.5033333333333
2022-10-13 03:39:00;132.11166666666665
2022-10-13 03:40:00;336.12
2022-10-13 03:41:00;442.5383333333333
2022-10-13 03:42:00;429.4
2022-10-13 03:43:00;414.01666666666665
2022-10-13 03:44:00;403.8016666666667
2022-10-13 03:45:00;356.24333333333334
2022-10-13 03:46:00;264.8
2022-10-13 03:47:00;262.0816666666667
2022-10-13 03:48:00;260.34499999999997
2022-10-13 03:49:00;258.485
2022-10-13 03:50:00;257.74833333333333
2022-10-13 03:51:00;257.43
2022-10-13 03:52:00;257.22333333333336
2022-10-13 03:53:00;235.87666666666667
2022-10-13 03:54:00;23.81
2022-10-13 03:55:00;0.0
2022-10-13 03:56:00;0.0
2022-10-13 03:57:00;0.0
2022-10-13 03:58:00;0.0
2022-10-13 03:59:00;0.0
2022-10-13 04:00:00;0.0
2022-10-13 04:01:00;0.0
2022-10-13 04:02:00;0.0
2022-10-13 04:03:00;0.0
2022-10-13 04:04:00;0.0
2022-10-13 04:05:00;0.0
2022-10-13 04:06:00;0.0
2022-10-13 04:07:00;0.0
2022-10-13 04:08:00;130.33333333333334
2022-10-13 04:09:00;157.07999999999996
2022-10-13 04:10:00;151.19333333333333
2022-10-13 04:11:00;143.93166666666667
2022-10-13 04:12:00;139.64166666666668
2022-10-13 04:13:00;135.80333333333334
2022-10-13 04:14:00;133.67000000000002
2022-10-13 04:15:00;132.78333333333336
2022-10-13 04:16:00;131.395
2022-10-13 04:17:00;130.0033333333333
2022-10-13 04:18:00;128.61499999999998
2022-10-13 04:19:00;199.93833333333333
2022-10-13 04:20:00;282.62
2022-10-13 04:21:00;276.86833333333334
2022-10-13 04:22:00;167.3233333333333
2022-10-13 04:23:00;140.255
2022-10-13 04:24:00;135.41333333333333
2022-10-13 04:25:00;132.76166666666668
2022-10-13 04:26:00;131.20166666666668
2022-10-13 04:27:00;130.34666666666666
2022-10-13 04:28:00;129.38333333333335
2022-10-13 04:29:00;128.91
2022-10-13 04:30:00;128.73999999999998
2022-10-13 04:31:00;128.62500000000003
2022-10-13 04:32:00;128.54
2022-10-13 04:33:00;43.254999999999995
2022-10-13 04:34:00;154.61
2022-10-13 04:35:00;155.23999999999998
2022-10-13 04:36:00;303.77166666666665
2022-10-13 04:37:00;298.37999999999994
2022-10-13 04:38:00;377.7716666666667
2022-10-13 04:39:00;433.4433333333333
2022-10-13 04:40:00;421.89166666666665
2022-10-13 04:41:00;409.89833333333337
2022-10-13 04:42:00;403.0433333333333
2022-10-13 04:43:00;396.5216666666666
2022-10-13 04:44:00;392.485
2022-10-13 04:45:00;389.5383333333334
2022-10-13 04:46:00;387.2216666666667
2022-10-13 04:47:00;329.32666666666665
2022-10-13 04:48:00;254.48999999999998
2022-10-13 04:49:00;252.94166666666672
2022-10-13 04:50:00;130.6716666666667
2022-10-13 04:51:00;128.52833333333334
2022-10-13 04:52:00;10.96
2022-10-13 04:53:00;0.0
2022-10-13 04:54:00;0.0
2022-10-13 04:55:00;0.0
2022-10-13 04:56:00;0.0
2022-10-13 04:57:00;0.0
2022-10-13 04:58:00;0.0
2022-10-13 04:59:00;0.0
2022-10-13 05:00:00;0.0
2022-10-13 05:01:00;51.138333333333335
2022-10-13 05:02:00;158.07166666666672
2022-10-13 05:03:00;155.18333333333334
2022-10-13 05:04:00;146.86
2022-10-13 05:05:00;141.69166666666663
2022-10-13 05:06:00;137.57833333333332
2022-10-13 05:07:00;134.21666666666664
2022-10-13 05:08:00;133.48
2022-10-13 05:09:00;132.0883333333333
2022-10-13 05:10:00;281.6916666666666
2022-10-13 05:11:00;285.2366666666667
2022-10-13 05:12:00;275.99666666666667
2022-10-13 05:13:00;268.8366666666667
2022-10-13 05:14:00;262.96833333333336
2022-10-13 05:15:00;218.44833333333332
2022-10-13 05:16:00;131.84833333333333
2022-10-13 05:17:00;130.77999999999997
2022-10-13 05:18:00;192.20666666666668
2022-10-13 05:19:00;285.74666666666667
2022-10-13 05:20:00;281.8266666666666
2022-10-13 05:21:00;273.735
2022-10-13 05:22:00;269.14166666666665
2022-10-13 05:23:00;225.89333333333335
2022-10-13 05:24:00;132.89999999999998
2022-10-13 05:25:00;131.25666666666666
2022-10-13 05:26:00;130.405
2022-10-13 05:27:00;129.44000000000003
2022-10-13 05:28:00;128.92833333333334
2022-10-13 05:29:00;128.74666666666667
2022-10-13 05:30:00;128.6316666666667
2022-10-13 05:31:00;128.54666666666665
2022-10-13 05:32:00;34.51833333333333
2022-10-13 05:33:00;0.0
2022-10-13 05:34:00;0.0
2022-10-13 05:35:00;0.0
2022-10-13 05:36:00;0.0
2022-10-13 05:37:00;0.0
2022-10-13 05:38:00;0.0
2022-10-13 05:39:00;0.0
2022-10-13 05:40:00;0.0
2022-10-13 05:41:00;0.0
2022-10-13 05:42:00;0.0
2022-10-13 05:43:00;0.0
2022-10-13 05:44:00;0.0
2022-10-13 05:45:00;0.0
2022-10-13 05:46:00;0.0
2022-10-13 05:47:00;0.0
2022-10-13 05:48:00;0.0
2022-10-13 05:49:00;0.0
2022-10-13 05:50:00;48.58166666666666
2022-10-13 05:51:00;158.01000000000002
2022-10-13 05:52:00;155.3
2022-10-13 05:53:00;146.965
2022-10-13 05:54:00;141.75833333333333
2022-10-13 05:55:00;137.645
2022-10-13 05:56:00;134.24333333333334
2022-10-13 05:57:00;133.5033333333333
2022-10-13 05:58:00;151.88833333333332
2022-10-13 05:59:00;285.475
2022-10-13 06:00:00;284.4666666666667
2022-10-13 06:01:00;274.9016666666667
2022-10-13 06:02:00;268.2333333333333
2022-10-13 06:03:00;262.2366666666667
2022-10-13 06:04:00;220.185
2022-10-13 06:05:00;131.61333333333337
2022-10-13 06:06:00;161.475
2022-10-13 06:07:00;287.13166666666666
2022-10-13 06:08:00;285.09833333333324
2022-10-13 06:09:00;276.48833333333334
2022-10-13 06:10:00;270.89833333333337
2022-10-13 06:11:00;266.6883333333333
2022-10-13 06:12:00;205.43333333333334
2022-10-13 06:13:00;133.61166666666668
2022-10-13 06:14:00;132.27333333333334
2022-10-13 06:15:00;130.88333333333333
2022-10-13 06:16:00;129.49666666666664
2022-10-13 06:17:00;128.10333333333332
2022-10-13 06:18:00;126.71500000000002
2022-10-13 06:19:00;125.32666666666664
2022-10-13 06:20:00;101.31666666666666
2022-10-13 06:21:00;0.0
2022-10-13 06:22:00;0.0
2022-10-13 06:23:00;0.0
2022-10-13 06:24:00;0.0
2022-10-13 06:25:00;0.0
2022-10-13 06:26:00;0.0
2022-10-13 06:27:00;0.0
2022-10-13 06:28:00;0.0
2022-10-13 06:29:00;0.0
2022-10-13 06:30:00;0.0
2022-10-13 06:31:00;0.0
2022-10-13 06:32:00;0.0
2022-10-13 06:33:00;0.0
2022-10-13 06:34:00;0.0
2022-10-13 06:35:00;0.0
2022-10-13 06:36:00;0.0
2022-10-13 06:37:00;0.0
2022-10-13 06:38:00;0.0
2022-10-13 06:39:00;0.0
2022-10-13 06:40:00;85.72666666666667
2022-10-13 06:41:00;156.86833333333337
2022-10-13 06:42:00;151.64333333333332
2022-10-13 06:43:00;144.19333333333336
2022-10-13 06:44:00;139.86666666666667
2022-10-13 06:45:00;135.08166666666668
2022-10-13 06:46:00;174.76333333333335
2022-10-13 06:47:00;306.82166666666666
2022-10-13 06:48:00;439.1266666666666
2022-10-13 06:49:00;430.36333333333334
2022-10-13 06:50:00;416.9516666666667
2022-10-13 06:51:00;406.705
2022-10-13 06:52:00;398.8466666666667
2022-10-13 06:53:00;393.32500000000005
2022-10-13 06:54:00;300.6450000000001
2022-10-13 06:55:00;417.3116666666667
2022-10-13 06:56:00;414.90666666666664
2022-10-13 06:57:00;405.975
2022-10-13 06:58:00;399.88500000000005
2022-10-13 06:59:00;395.5366666666667
2022-10-13 07:00:00;314.90999999999997
2022-10-13 07:01:00;204.53000000000003
2022-10-13 07:02:00;132.34333333333333
2022-10-13 07:03:00;130.95333333333335
2022-10-13 07:04:00;129.56499999999997
2022-10-13 07:05:00;128.17333333333335
2022-10-13 07:06:00;126.78333333333336
2022-10-13 07:07:00;125.39666666666666
2022-10-13 07:08:00;107.55
2022-10-13 07:09:00;0.0
2022-10-13 07:10:00;0.0
2022-10-13 07:11:00;0.0
2022-10-13 07:12:00;0.0
2022-10-13 07:13:00;0.0
2022-10-13 07:14:00;0.0
2022-10-13 07:15:00;0.0
2022-10-13 07:16:00;0.0
2022-10-13 07:17:00;119.765
2022-10-13 07:18:00;157.25999999999996
2022-10-13 07:19:00;151.77833333333334
2022-10-13 07:20:00;144.27333333333337
2022-10-13 07:21:00;139.92333333333332
2022-10-13 07:22:00;136.04
2022-10-13 07:23:00;219.43833333333333
2022-10-13 07:24:00;289.74500000000006
2022-10-13 07:25:00;283.13
2022-10-13 07:26:00;274.29
2022-10-13 07:27:00;268.5733333333334
2022-10-13 07:28:00;262.4
2022-10-13 07:29:00;258.52500000000003
2022-10-13 07:30:00;255.66833333333332
2022-10-13 07:31:00;161.20499999999998
2022-10-13 07:32:00;129.29666666666668
2022-10-13 07:33:00;128.89333333333337
2022-10-13 07:34:00;128.73166666666663
2022-10-13 07:35:00;128.6166666666667
2022-10-13 07:36:00;128.53166666666667
2022-10-13 07:37:00;15.243333333333332
2022-10-13 07:38:00;0.0
2022-10-13 07:39:00;0.0
2022-10-13 07:40:00;0.0
2022-10-13 07:41:00;0.0
2022-10-13 07:42:00;0.0
2022-10-13 07:43:00;0.0
2022-10-13 07:44:00;0.0
2022-10-13 07:45:00;0.0
2022-10-13 07:46:00;0.0
2022-10-13 07:47:00;0.0
2022-10-13 07:48:00;0.0
2022-10-13 07:49:00;0.0
2022-10-13 07:50:00;0.0
2022-10-13 07:51:00;0.0
2022-10-13 07:52:00;0.0
2022-10-13 07:53:00;0.0
2022-10-13 07:54:00;0.0
2022-10-13 07:55:00;0.0
2022-10-13 07:56:00;0.0
2022-10-13 07:57:00;0.0
2022-10-13 07:58:00;0.0
2022-10-13 07:59:00;39.665
2022-10-13 08:00:00;155.79833333333332
2022-10-13 08:01:00;154.20999999999998
2022-10-13 08:02:00;146.05000000000004
2022-10-13 08:03:00;141.16333333333336
2022-10-13 08:04:00;269.0683333333333
2022-10-13 08:05:00;289.53166666666664
2022-10-13 08:06:00;280.46333333333337
2022-10-13 08:07:00;273.36000000000007
2022-10-13 08:08:00;270.76666666666665
2022-10-13 08:09:00;419.56333333333333
2022-10-13 08:10:00;417.39
2022-10-13 08:11:00;409.03666666666663
2022-10-13 08:12:00;401.6
2022-10-13 08:13:00;321.77166666666665
2022-10-13 08:14:00;263.995
2022-10-13 08:15:00;262.29333333333335
2022-10-13 08:16:00;261.12833333333333
2022-10-13 08:17:00;236.33499999999998
2022-10-13 08:18:00;129.75000000000003
2022-10-13 08:19:00;128.35833333333332
2022-10-13 08:20:00;126.97
2022-10-13 08:21:00;125.57999999999998
2022-10-13 08:22:00;124.19
2022-10-13 08:23:00;0.0
2022-10-13 08:24:00;106.53833333333333
2022-10-13 08:25:00;157.48500000000004
2022-10-13 08:26:00;152.48666666666668
2022-10-13 08:27:00;144.71666666666667
2022-10-13 08:28:00;140.27666666666667
2022-10-13 08:29:00;136.33499999999998
2022-10-13 08:30:00;133.77666666666667
2022-10-13 08:31:00;132.9933333333333
2022-10-13 08:32:00;131.60333333333332
2022-10-13 08:33:00;130.21166666666667
2022-10-13 08:34:00;128.82333333333332
2022-10-13 08:35:00;127.43333333333334
2022-10-13 08:36:00;126.04333333333332
2022-10-13 08:37:00;124.65333333333334
2022-10-13 08:38:00;41.24166666666667
2022-10-13 08:39:00;0.0
2022-10-13 08:40:00;0.0
2022-10-13 08:41:00;0.0
2022-10-13 08:42:00;0.0
2022-10-13 08:43:00;0.0
2022-10-13 08:44:00;0.0
2022-10-13 08:45:00;0.0
2022-10-13 08:46:00;0.0
2022-10-13 08:47:00;59.79666666666666
2022-10-13 08:48:00;156.61000000000004
2022-10-13 08:49:00;153.15
2022-10-13 08:50:00;145.16333333333333
2022-10-13 08:51:00;140.62333333333336
2022-10-13 08:52:00;135.76333333333335
2022-10-13 08:53:00;132.935
2022-10-13 08:54:00;131.27166666666665
2022-10-13 08:55:00;130.41833333333335
2022-10-13 08:56:00;129.45500000000004
2022-10-13 08:57:00;128.93333333333334
2022-10-13 08:58:00;128.7483333333333
2022-10-13 08:59:00;128.63333333333335
2022-10-13 09:00:00;128.54833333333332
2022-10-13 09:01:00;36.66
2022-10-13 09:02:00;0.0
2022-10-13 09:03:00;0.0
2022-10-13 09:04:00;0.0
2022-10-13 09:05:00;0.0
2022-10-13 09:06:00;32.185
2022-10-13 09:07:00;155.42833333333334
2022-10-13 09:08:00;154.57000000000002
2022-10-13 09:09:00;146.38999999999996
2022-10-13 09:10:00;141.35333333333332
2022-10-13 09:11:00;136.62833333333336
2022-10-13 09:12:00;133.265
2022-10-13 09:13:00;134.29333333333335
2022-10-13 09:14:00;409.51666666666665
2022-10-13 09:15:00;443.4299999999999
2022-10-13 09:16:00;430.1266666666666
2022-10-13 09:17:00;416.00166666666667
2022-10-13 09:18:00;407.37500000000006
2022-10-13 09:19:00;399.70166666666665
2022-10-13 09:20:00;327.52500000000003
2022-10-13 09:21:00;265.38166666666666
2022-10-13 09:22:00;262.60333333333335
2022-10-13 09:23:00;259.8233333333334
2022-10-13 09:24:00;257.04166666666663
2022-10-13 09:25:00;254.265
2022-10-13 09:26:00;251.48333333333335
2022-10-13 09:27:00;248.70499999999996
2022-10-13 09:28:00;28.85333333333333
2022-10-13 09:29:00;0.0
2022-10-13 09:30:00;0.0
2022-10-13 09:31:00;0.0
2022-10-13 09:32:00;0.0
2022-10-13 09:33:00;0.0
2022-10-13 09:34:00;0.0
2022-10-13 09:35:00;0.0
2022-10-13 09:36:00;0.0
2022-10-13 09:37:00;0.0
2022-10-13 09:38:00;0.0
2022-10-13 09:39:00;0.0
2022-10-13 09:40:00;0.0
2022-10-13 09:41:00;0.0
2022-10-13 09:42:00;0.0
2022-10-13 09:43:00;0.0
2022-10-13 09:44:00;27.21333333333333
2022-10-13 09:45:00;155.16666666666666
2022-10-13 09:46:00;154.80166666666668
2022-10-13 09:47:00;146.6133333333333
2022-10-13 09:48:00;141.48666666666665
2022-10-13 09:49:00;251.5
2022-10-13 09:50:00;446.1983333333334
2022-10-13 09:51:00;438.0866666666667
2022-10-13 09:52:00;421.16833333333324
2022-10-13 09:53:00;411.0366666666667
2022-10-13 09:54:00;400.68
2022-10-13 09:55:00;394.7133333333333
2022-10-13 09:56:00;391.2316666666667
2022-10-13 09:57:00;389.44000000000005
2022-10-13 09:58:00;323.4433333333334
2022-10-13 09:59:00;257.87666666666667
2022-10-13 10:00:00;257.5
2022-10-13 10:01:00;257.2700000000001
2022-10-13 10:02:00;257.1
2022-10-13 10:03:00;77.60333333333334
2022-10-13 10:04:00;0.0
2022-10-13 10:05:00;0.0
2022-10-13 10:06:00;0.0
2022-10-13 10:07:00;0.0
2022-10-13 10:08:00;0.0
2022-10-13 10:09:00;0.0
2022-10-13 10:10:00;0.0
2022-10-13 10:11:00;0.0
2022-10-13 10:12:00;0.0
2022-10-13 10:13:00;0.0
2022-10-13 10:14:00;0.0
2022-10-13 10:15:00;0.0
2022-10-13 10:16:00;0.0
2022-10-13 10:17:00;0.0
2022-10-13 10:18:00;0.0
2022-10-13 10:19:00;0.0
2022-10-13 10:20:00;0.0
2022-10-13 10:21:00;0.0
2022-10-13 10:22:00;0.0
2022-10-13 10:23:00;15.735
2022-10-13 10:24:00;162.4683333333333
2022-10-13 10:25:00;312.6066666666667
2022-10-13 10:26:00;305.24333333333334
2022-10-13 10:27:00;292.02
2022-10-13 10:28:00;281.49
2022-10-13 10:29:00;273.66
2022-10-13 10:30:00;268.695
2022-10-13 10:31:00;266.015
2022-10-13 10:32:00;263.5283333333333
2022-10-13 10:33:00;260.75166666666667
2022-10-13 10:34:00;257.97
2022-10-13 10:35:00;255.18999999999997
2022-10-13 10:36:00;252.4116666666667
2022-10-13 10:37:00;239.3433333333333
2022-10-13 10:38:00;122.10833333333332
2022-10-13 10:39:00;0.0
2022-10-13 10:40:00;0.0
2022-10-13 10:41:00;90.93833333333332
2022-10-13 10:42:00;292.20833333333337
2022-10-13 10:43:00;307.60833333333335
2022-10-13 10:44:00;292.92500000000007
2022-10-13 10:45:00;282.45333333333326
2022-10-13 10:46:00;290.56333333333333
2022-10-13 10:47:00;421.15500000000003
2022-10-13 10:48:00;418.35833333333335
2022-10-13 10:49:00;408.2
2022-10-13 10:50:00;400.99333333333334
2022-10-13 10:51:00;395.15166666666664
2022-10-13 10:52:00;390.9916666666667
2022-10-13 10:53:00;388.9366666666667
2022-10-13 10:54:00;387.79333333333335
2022-10-13 10:55:00;243.74166666666667
2022-10-13 10:56:00;129.0133333333333
2022-10-13 10:57:00;128.79166666666666
2022-10-13 10:58:00;128.6616666666667
2022-10-13 10:59:00;128.57666666666668
2022-10-13 11:00:00;73.06833333333334
2022-10-13 11:01:00;0.0
2022-10-13 11:02:00;0.0
2022-10-13 11:03:00;0.0
2022-10-13 11:04:00;0.0
2022-10-13 11:05:00;0.0
2022-10-13 11:06:00;0.0
2022-10-13 11:07:00;0.0
2022-10-13 11:08:00;0.0
2022-10-13 11:09:00;0.0
2022-10-13 11:10:00;0.0
2022-10-13 11:11:00;0.0
2022-10-13 11:12:00;56.26833333333333
2022-10-13 11:13:00;158.17666666666668
2022-10-13 11:14:00;154.94500000000002
2022-10-13 11:15:00;234.9833333333333
2022-10-13 11:16:00;298.4366666666667
2022-10-13 11:17:00;288.93333333333334
2022-10-13 11:18:00;434.4916666666667
2022-10-13 11:19:00;429.0083333333333
2022-10-13 11:20:00;414.8616666666667
2022-10-13 11:21:00;405.3833333333333
2022-10-13 11:22:00;398.04499999999996
2022-10-13 11:23:00;391.8016666666667
2022-10-13 11:24:00;387.55666666666673
2022-10-13 11:25:00;384.73499999999996
2022-10-13 11:26:00;339.13166666666666
2022-10-13 11:27:00;257.66
2022-10-13 11:28:00;257.34166666666664
2022-10-13 11:29:00;141.77333333333337
2022-10-13 11:30:00;128.58666666666667
2022-10-13 11:31:00;85.91833333333334
2022-10-13 11:32:00;0.0
2022-10-13 11:33:00;0.0
2022-10-13 11:34:00;0.0
2022-10-13 11:35:00;0.0
2022-10-13 11:36:00;0.0
2022-10-13 11:37:00;0.0
2022-10-13 11:38:00;0.0
2022-10-13 11:39:00;0.0
2022-10-13 11:40:00;0.0
2022-10-13 11:41:00;0.0
2022-10-13 11:42:00;0.0
2022-10-13 11:43:00;0.0
2022-10-13 11:44:00;0.0
2022-10-13 11:45:00;85.33666666666666
2022-10-13 11:46:00;157.845
2022-10-13 11:47:00;153.56166666666664
2022-10-13 11:48:00;194.08166666666665
2022-10-13 11:49:00;298.8266666666667
2022-10-13 11:50:00;292.105
2022-10-13 11:51:00;280.87833333333333
2022-10-13 11:52:00;274.93666666666667
2022-10-13 11:53:00;269.4333333333334
2022-10-13 11:54:00;264.64
2022-10-13 11:55:00;262.51166666666666
2022-10-13 11:56:00;259.7316666666666
2022-10-13 11:57:00;256.9483333333334
2022-10-13 11:58:00;254.1733333333333
2022-10-13 11:59:00;185.725
2022-10-13 12:00:00;126.55166666666663
2022-10-13 12:01:00;125.16333333333333
2022-10-13 12:02:00;86.78666666666666
2022-10-13 12:03:00;0.0
2022-10-13 12:04:00;0.0
2022-10-13 12:05:00;0.0
2022-10-13 12:06:00;0.0
2022-10-13 12:07:00;0.0
2022-10-13 12:08:00;0.0
2022-10-13 12:09:00;75.31333333333332
2022-10-13 12:10:00;156.80333333333334
2022-10-13 12:11:00;152.27166666666665
2022-10-13 12:12:00;144.56499999999997
2022-10-13 12:13:00;140.17833333333334
2022-10-13 12:14:00;135.345
2022-10-13 12:15:00;154.98166666666668
2022-10-13 12:16:00;286.0816666666667
2022-10-13 12:17:00;285.3566666666667
2022-10-13 12:18:00;276.21000000000004
2022-10-13 12:19:00;270.5233333333333
2022-10-13 12:20:00;265.72166666666664
2022-10-13 12:21:00;261.995
2022-10-13 12:22:00;260.12666666666667
2022-10-13 12:23:00;154.445
2022-10-13 12:24:00;129.69666666666666
2022-10-13 12:25:00;129.0033333333333
2022-10-13 12:26:00;128.785
2022-10-13 12:27:00;128.65833333333336
2022-10-13 12:28:00;128.57333333333332
2022-10-13 12:29:00;68.78500000000001
2022-10-13 12:30:00;0.0
2022-10-13 12:31:00;124.86166666666666
2022-10-13 12:32:00;156.5
2022-10-13 12:33:00;149.465
2022-10-13 12:34:00;143.03999999999996
2022-10-13 12:35:00;138.62666666666664
2022-10-13 12:36:00;134.21333333333334
2022-10-13 12:37:00;132.13166666666666
2022-10-13 12:38:00;130.92000000000002
2022-10-13 12:39:00;183.75
2022-10-13 12:40:00;287.2616666666667
2022-10-13 12:41:00;283.90999999999997
2022-10-13 12:42:00;275.4533333333334
2022-10-13 12:43:00;270.225
2022-10-13 12:44:00;249.13833333333332
2022-10-13 12:45:00;134.19
2022-10-13 12:46:00;133.45666666666665
2022-10-13 12:47:00;132.06499999999997
2022-10-13 12:48:00;268.9266666666666
2022-10-13 12:49:00;286.2316666666667
2022-10-13 12:50:00;278.64166666666665
2022-10-13 12:51:00;270.18666666666667
2022-10-13 12:52:00;264.5483333333333
2022-10-13 12:53:00;218.26500000000004
2022-10-13 12:54:00;133.64499999999998
2022-10-13 12:55:00;132.71500000000003
2022-10-13 12:56:00;131.325
2022-10-13 12:57:00;129.935
2022-10-13 12:58:00;128.545
2022-10-13 12:59:00;127.155
2022-10-13 13:00:00;125.765
2022-10-13 13:01:00;124.375
2022-10-13 13:02:00;16.478333333333335
2022-10-13 13:03:00;0.0
2022-10-13 13:04:00;0.0
2022-10-13 13:05:00;0.0
2022-10-13 13:06:00;0.0
2022-10-13 13:07:00;122.25
2022-10-13 13:08:00;156.54666666666668
2022-10-13 13:09:00;149.605
2022-10-13 13:10:00;143.11
2022-10-13 13:11:00;138.71166666666664
2022-10-13 13:12:00;134.265
2022-10-13 13:13:00;132.16166666666666
2022-10-13 13:14:00;130.93333333333334
2022-10-13 13:15:00;130.06833333333333
2022-10-13 13:16:00;129.14166666666668
2022-10-13 13:17:00;128.84666666666666
2022-10-13 13:18:00;128.7016666666667
2022-10-13 13:19:00;279.5933333333333
2022-10-13 13:20:00;269.69500000000005
2022-10-13 13:21:00;148.07666666666668
2022-10-13 13:22:00;153.03166666666667
2022-10-13 13:23:00;294.33
2022-10-13 13:24:00;290.18666666666667
2022-10-13 13:25:00;280.87833333333333
2022-10-13 13:26:00;273.59499999999997
2022-10-13 13:27:00;268.5316666666667
2022-10-13 13:28:00;264.03666666666663
2022-10-13 13:29:00;262.4183333333333
2022-10-13 13:30:00;261.1333333333334
2022-10-13 13:31:00;259.65999999999997
2022-10-13 13:32:00;219.8816666666667
2022-10-13 13:33:00;128.29000000000002
2022-10-13 13:34:00;126.9
2022-10-13 13:35:00;125.51166666666668
2022-10-13 13:36:00;117.94666666666666
2022-10-13 13:37:00;0.0
2022-10-13 13:38:00;0.0
2022-10-13 13:39:00;0.0
2022-10-13 13:40:00;0.0
2022-10-13 13:41:00;0.0
2022-10-13 13:42:00;0.0
2022-10-13 13:43:00;0.0
2022-10-13 13:44:00;0.0
2022-10-13 13:45:00;0.0
2022-10-13 13:46:00;0.0
2022-10-13 13:47:00;88.33166666666666
2022-10-13 13:48:00;156.88333333333338
2022-10-13 13:49:00;151.48
2022-10-13 13:50:00;144.10500000000002
2022-10-13 13:51:00;139.78666666666666
2022-10-13 13:52:00;135.01833333333337
2022-10-13 13:53:00;132.56500000000003
2022-10-13 13:54:00;248.23833333333334
2022-10-13 13:55:00;287.5816666666667
2022-10-13 13:56:00;281.2016666666667
2022-10-13 13:57:00;273.25
2022-10-13 13:58:00;268.725
2022-10-13 13:59:00;264.71333333333337
2022-10-13 14:00:00;262.25333333333333
2022-10-13 14:01:00;146.00166666666667
2022-10-13 14:02:00;131.51000000000002
2022-10-13 14:03:00;241.92666666666668
2022-10-13 14:04:00;285.4383333333334
2022-10-13 14:05:00;277.51166666666666
2022-10-13 14:06:00;269.345
2022-10-13 14:07:00;263.6066666666666
2022-10-13 14:08:00;167.46499999999997
2022-10-13 14:09:00;132.28
2022-10-13 14:10:00;130.9916666666667
2022-10-13 14:11:00;130.13666666666668
2022-10-13 14:12:00;129.175
2022-10-13 14:13:00;128.86
2022-10-13 14:14:00;128.715
2022-10-13 14:15:00;128.60000000000002
2022-10-13 14:16:00;122.34166666666664
2022-10-13 14:17:00;0.0
2022-10-13 14:18:00;0.0
2022-10-13 14:19:00;0.0
2022-10-13 14:20:00;0.0
2022-10-13 14:21:00;0.0
2022-10-13 14:22:00;70.11500000000001
2022-10-13 14:23:00;156.765
2022-10-13 14:24:00;152.5733333333333
2022-10-13 14:25:00;144.75666666666663
2022-10-13 14:26:00;210.445
2022-10-13 14:27:00;292.2466666666666
2022-10-13 14:28:00;285.37
2022-10-13 14:29:00;275.97166666666664
2022-10-13 14:30:00;270.6916666666666
2022-10-13 14:31:00;264.88
2022-10-13 14:32:00;328.45500000000004
2022-10-13 14:33:00;418.1166666666667
2022-10-13 14:34:00;413.4433333333334
2022-10-13 14:35:00;404.17500000000007
2022-10-13 14:36:00;298.28
2022-10-13 14:37:00;265.96000000000004
2022-10-13 14:38:00;262.69000000000005
2022-10-13 14:39:00;261.8833333333333
2022-10-13 14:40:00;160.04333333333332
2022-10-13 14:41:00;130.5583333333333
2022-10-13 14:42:00;129.17166666666668
2022-10-13 14:43:00;127.78
2022-10-13 14:44:00;126.39
2022-10-13 14:45:00;125.00166666666664
2022-10-13 14:46:00;72.275
2022-10-13 14:47:00;66.74499999999999
2022-10-13 14:48:00;158.15999999999997
2022-10-13 14:49:00;154.455
2022-10-13 14:50:00;146.235
2022-10-13 14:51:00;141.27333333333334
2022-10-13 14:52:00;137.21833333333333
2022-10-13 14:53:00;134.06333333333336
2022-10-13 14:54:00;133.34166666666664
2022-10-13 14:55:00;131.95
2022-10-13 14:56:00;152.81166666666664
2022-10-13 14:57:00;284.065
2022-10-13 14:58:00;282.80500000000006
2022-10-13 14:59:00;273.2316666666666
2022-10-13 15:00:00;266.61833333333334
2022-10-13 15:01:00;209.25833333333333
2022-10-13 15:02:00;133.37166666666667
2022-10-13 15:03:00;131.58833333333334
2022-10-13 15:04:00;150.41166666666666
2022-10-13 15:05:00;284.44999999999993
2022-10-13 15:06:00;284.13666666666666
2022-10-13 15:07:00;275.74333333333334
2022-10-13 15:08:00;270.34000000000003
2022-10-13 15:09:00;265.64666666666665
2022-10-13 15:10:00;202.18333333333334
2022-10-13 15:11:00;131.61333333333337
2022-10-13 15:12:00;130.65
2022-10-13 15:13:00;129.7133333333333
2022-10-13 15:14:00;144.74333333333328
2022-10-13 15:15:00;285.5383333333333
2022-10-13 15:16:00;285.0200000000001
2022-10-13 15:17:00;277.2783333333333
2022-10-13 15:18:00;213.595
2022-10-13 15:19:00;138.52333333333337
2022-10-13 15:20:00;134.86
2022-10-13 15:21:00;133.59833333333333
2022-10-13 15:22:00;132.41333333333333
2022-10-13 15:23:00;131.0233333333333
2022-10-13 15:24:00;129.63500000000002
2022-10-13 15:25:00;128.24333333333337
2022-10-13 15:26:00;126.85333333333332
2022-10-13 15:27:00;125.465
2022-10-13 15:28:00;113.78666666666668
2022-10-13 15:29:00;0.0
2022-10-13 15:30:00;0.0
2022-10-13 15:31:00;0.0
2022-10-13 15:32:00;0.0
2022-10-13 15:33:00;0.0
2022-10-13 15:34:00;0.0
2022-10-13 15:35:00;0.0
2022-10-13 15:36:00;27.21333333333333
2022-10-13 15:37:00;155.16666666666666
2022-10-13 15:38:00;154.80166666666668
2022-10-13 15:39:00;146.6133333333333
2022-10-13 15:40:00;141.48666666666665
2022-10-13 15:41:00;136.8033333333333
2022-10-13 15:42:00;141.53833333333336
2022-10-13 15:43:00;287.91499999999996
2022-10-13 15:44:00;287.10166666666663
2022-10-13 15:45:00;278.855
2022-10-13 15:46:00;271.8833333333333
2022-10-13 15:47:00;267.5083333333333
2022-10-13 15:48:00;263.6933333333334
2022-10-13 15:49:00;376.58666666666664
2022-10-13 15:50:00;353.65500000000003
2022-10-13 15:51:00;281.12166666666667
2022-10-13 15:52:00;273.0266666666667
2022-10-13 15:53:00;267.27666666666664
2022-10-13 15:54:00;261.35
2022-10-13 15:55:00;257.78499999999997
2022-10-13 15:56:00;251.00500000000005
2022-10-13 15:57:00;130.11833333333334
2022-10-13 15:58:00;129.16666666666666
2022-10-13 15:59:00;128.85666666666663
2022-10-13 16:00:00;128.71166666666667
2022-10-13 16:01:00;128.60000000000002
2022-10-13 16:02:00;120.19833333333332
2022-10-13 16:03:00;0.0
2022-10-13 16:04:00;0.0
2022-10-13 16:05:00;0.0
2022-10-13 16:06:00;0.0
2022-10-13 16:07:00;0.0
2022-10-13 16:08:00;0.0
2022-10-13 16:09:00;0.0
2022-10-13 16:10:00;0.0
2022-10-13 16:11:00;0.0
2022-10-13 16:12:00;109.19666666666669
2022-10-13 16:13:00;156.7433333333333
2022-10-13 16:14:00;150.31166666666667
2022-10-13 16:15:00;143.4683333333333
2022-10-13 16:16:00;139.13
2022-10-13 16:17:00;134.53833333333333
2022-10-13 16:18:00;132.31166666666664
2022-10-13 16:19:00;131.00500000000002
2022-10-13 16:20:00;130.15333333333334
2022-10-13 16:21:00;129.185
2022-10-13 16:22:00;128.86333333333334
2022-10-13 16:23:00;128.71666666666667
2022-10-13 16:24:00;128.60166666666672
2022-10-13 16:25:00;123.965
2022-10-13 16:26:00;99.11333333333332
2022-10-13 16:27:00;157.61999999999995
2022-10-13 16:28:00;152.89666666666665
2022-10-13 16:29:00;144.995
2022-10-13 16:30:00;140.48999999999995
2022-10-13 16:31:00;136.51
2022-10-13 16:32:00;133.825
2022-10-13 16:33:00;133.06166666666664
2022-10-13 16:34:00;131.67333333333332
2022-10-13 16:35:00;130.28000000000003
2022-10-13 16:36:00;128.89333333333337
2022-10-13 16:37:00;127.50333333333332
2022-10-13 16:38:00;126.11166666666666
2022-10-13 16:39:00;124.72333333333336
2022-10-13 16:40:00;47.44166666666667
2022-10-13 16:41:00;0.0
2022-10-13 16:42:00;0.0
2022-10-13 16:43:00;0.0
2022-10-13 16:44:00;0.0
2022-10-13 16:45:00;0.0
2022-10-13 16:46:00;0.0
2022-10-13 16:47:00;0.0
2022-10-13 16:48:00;0.0
2022-10-13 16:49:00;0.0
2022-10-13 16:50:00;0.0
2022-10-13 16:51:00;0.0
2022-10-13 16:52:00;0.0
2022-10-13 16:53:00;0.0
2022-10-13 16:54:00;0.0
2022-10-13 16:55:00;0.0
2022-10-13 16:56:00;3.713333333333333
2022-10-13 16:57:00;155.12499999999997
2022-10-13 16:58:00;155.71666666666667
2022-10-13 16:59:00;147.66166666666666
2022-10-13 17:00:00;142.0966666666667
2022-10-13 17:01:00;249.41666666666669
2022-10-13 17:02:00;291.005
2022-10-13 17:03:00;283.97499999999997
2022-10-13 17:04:00;275.27166666666665
2022-10-13 17:05:00;269.95500000000004
2022-10-13 17:06:00;265.255
2022-10-13 17:07:00;262.5583333333333
2022-10-13 17:08:00;261.6166666666667
2022-10-13 17:09:00;260.14166666666665
2022-10-13 17:10:00;213.94166666666666
2022-10-13 17:11:00;128.7766666666667
2022-10-13 17:12:00;127.38666666666664
2022-10-13 17:13:00;125.99666666666666
2022-10-13 17:14:00;124.60666666666664
2022-10-13 17:15:00;37.111666666666665
2022-10-13 17:16:00;0.0
2022-10-13 17:17:00;0.0
2022-10-13 17:18:00;24.731666666666666
2022-10-13 17:19:00;155.0316666666667
2022-10-13 17:20:00;154.91500000000002
2022-10-13 17:21:00;146.72666666666663
2022-10-13 17:22:00;141.55166666666668
2022-10-13 17:23:00;136.89333333333337
2022-10-13 17:24:00;133.34500000000003
2022-10-13 17:25:00;131.56333333333336
2022-10-13 17:26:00;130.61999999999998
2022-10-13 17:27:00;129.67999999999998
2022-10-13 17:28:00;131.8033333333333
2022-10-13 17:29:00;285.31
2022-10-13 17:30:00;285.2416666666667
2022-10-13 17:31:00;278.0816666666667
2022-10-13 17:32:00;326.7133333333334
2022-10-13 17:33:00;295.50333333333333
2022-10-13 17:34:00;285.04166666666663
2022-10-13 17:35:00;276.8566666666667
2022-10-13 17:36:00;271.4083333333333
2022-10-13 17:37:00;265.51166666666666
2022-10-13 17:38:00;261.97
2022-10-13 17:39:00;259.32166666666666
2022-10-13 17:40:00;257.07166666666666
2022-10-13 17:41:00;254.73833333333332
2022-10-13 17:42:00;253.04333333333335
2022-10-13 17:43:00;128.70833333333334
2022-10-13 17:44:00;128.60000000000002
2022-10-13 17:45:00;118.055
2022-10-13 17:46:00;0.0
2022-10-13 17:47:00;0.0
2022-10-13 17:48:00;0.0
2022-10-13 17:49:00;0.0
2022-10-13 17:50:00;0.0
2022-10-13 17:51:00;0.0
2022-10-13 17:52:00;0.0
2022-10-13 17:53:00;0.0
2022-10-13 17:54:00;0.0
2022-10-13 17:55:00;0.0
2022-10-13 17:56:00;0.0
2022-10-13 17:57:00;0.0
2022-10-13 17:58:00;0.0
2022-10-13 17:59:00;0.0
2022-10-13 18:00:00;0.0
2022-10-13 18:01:00;0.0
2022-10-13 18:02:00;0.0
2022-10-13 18:03:00;0.0
2022-10-13 18:04:00;0.0
2022-10-13 18:05:00;7.426666666666667
2022-10-13 18:06:00;154.02666666666664
2022-10-13 18:07:00;155.64333333333337
2022-10-13 18:08:00;147.52499999999998
2022-10-13 18:09:00;235.57166666666666
2022-10-13 18:10:00;294.4133333333334
2022-10-13 18:11:00;284.7166666666666
2022-10-13 18:12:00;275.675
2022-10-13 18:13:00;270.345
2022-10-13 18:14:00;264.69500000000005
2022-10-13 18:15:00;261.5333333333333
2022-10-13 18:16:00;259.895
2022-10-13 18:17:00;258.9166666666667
2022-10-13 18:18:00;257.83500000000004
2022-10-13 18:19:00;210.51833333333332
2022-10-13 18:20:00;128.72666666666666
2022-10-13 18:21:00;128.6116666666667
2022-10-13 18:22:00;128.52666666666667
2022-10-13 18:23:00;8.818333333333333
2022-10-13 18:24:00;0.0
2022-10-13 18:25:00;0.0
2022-10-13 18:26:00;0.0
2022-10-13 18:27:00;0.0
2022-10-13 18:28:00;0.0
2022-10-13 18:29:00;93.29333333333334
2022-10-13 18:30:00;157.70999999999998
2022-10-13 18:31:00;153.16500000000002
2022-10-13 18:32:00;145.185
2022-10-13 18:33:00;140.63000000000002
2022-10-13 18:34:00;195.47166666666664
2022-10-13 18:35:00;292.07666666666665
2022-10-13 18:36:00;287.9316666666666
2022-10-13 18:37:00;278.2683333333333
2022-10-13 18:38:00;271.8083333333333
2022-10-13 18:39:00;266.33500000000004
2022-10-13 18:40:00;261.6866666666666
2022-10-13 18:41:00;259.56666666666666
2022-10-13 18:42:00;256.79
2022-10-13 18:43:00;182.20499999999998
2022-10-13 18:44:00;129.2416666666667
2022-10-13 18:45:00;137.74333333333334
2022-10-13 18:46:00;280.6333333333333
2022-10-13 18:47:00;280.6166666666667
2022-10-13 18:48:00;225.9033333333333
2022-10-13 18:49:00;141.95666666666665
2022-10-13 18:50:00;137.42166666666668
2022-10-13 18:51:00;133.52833333333334
2022-10-13 18:52:00;131.71666666666667
2022-10-13 18:53:00;130.70666666666668
2022-10-13 18:54:00;129.78333333333333
2022-10-13 18:55:00;129.0283333333333
2022-10-13 18:56:00;128.80166666666668
2022-10-13 18:57:00;206.5816666666667
2022-10-13 18:58:00;285.40166666666664
2022-10-13 18:59:00;231.61166666666665
2022-10-13 19:00:00;144.46999999999997
2022-10-13 19:01:00;140.10166666666672
2022-10-13 19:02:00;135.27833333333334
2022-10-13 19:03:00;132.69500000000002
2022-10-13 19:04:00;279.5533333333333
2022-10-13 19:05:00;286.31
2022-10-13 19:06:00;277.5683333333334
2022-10-13 19:07:00;271.2833333333333
2022-10-13 19:08:00;266.6433333333333
2022-10-13 19:09:00;262.4033333333333
2022-10-13 19:10:00;260.41166666666663
2022-10-13 19:11:00;152.46166666666664
2022-10-13 19:12:00;129.88833333333335
2022-10-13 19:13:00;129.06499999999997
2022-10-13 19:14:00;128.82166666666666
2022-10-13 19:15:00;128.6766666666667
2022-10-13 19:16:00;128.59166666666667
2022-10-13 19:17:00;92.34333333333332
2022-10-13 19:18:00;0.0
2022-10-13 19:19:00;0.0
2022-10-13 19:20:00;0.0
2022-10-13 19:21:00;0.0
2022-10-13 19:22:00;0.0
2022-10-13 19:23:00;0.0
2022-10-13 19:24:00;0.0
2022-10-13 19:25:00;0.0
2022-10-13 19:26:00;0.0
2022-10-13 19:27:00;0.0
2022-10-13 19:28:00;0.0
2022-10-13 19:29:00;0.0
2022-10-13 19:30:00;0.0
2022-10-13 19:31:00;0.0
2022-10-13 19:32:00;0.0
2022-10-13 19:33:00;109.19666666666669
2022-10-13 19:34:00;156.7433333333333
2022-10-13 19:35:00;150.31166666666667
2022-10-13 19:36:00;143.4683333333333
2022-10-13 19:37:00;139.13
2022-10-13 19:38:00;134.53833333333333
2022-10-13 19:39:00;244.14333333333332
2022-10-13 19:40:00;423.7116666666667
2022-10-13 19:41:00;438.65333333333336
2022-10-13 19:42:00;422.62833333333333
2022-10-13 19:43:00;411.74666666666667
2022-10-13 19:44:00;403.2366666666667
2022-10-13 19:45:00;396.365
2022-10-13 19:46:00;388.9266666666667
2022-10-13 19:47:00;262.9416666666666
2022-10-13 19:48:00;260.1433333333333
2022-10-13 19:49:00;257.87666666666667
2022-10-13 19:50:00;256.22499999999997
2022-10-13 19:51:00;254.68166666666667
2022-10-13 19:52:00;253.20666666666665
2022-10-13 19:53:00;140.16333333333336
2022-10-13 19:54:00;0.0
2022-10-13 19:55:00;0.0
2022-10-13 19:56:00;0.0
2022-10-13 19:57:00;0.0
2022-10-13 19:58:00;0.0
2022-10-13 19:59:00;0.0
2022-10-13 20:00:00;0.0
2022-10-13 20:01:00;0.0
2022-10-13 20:02:00;0.0
2022-10-13 20:03:00;0.0
2022-10-13 20:04:00;0.0
2022-10-13 20:05:00;0.0
2022-10-13 20:06:00;46.031666666666666
2022-10-13 20:07:00;157.94166666666666
2022-10-13 20:08:00;155.415
2022-10-13 20:09:00;147.07
2022-10-13 20:10:00;141.825
2022-10-13 20:11:00;137.71166666666667
2022-10-13 20:12:00;134.27166666666668
2022-10-13 20:13:00;133.52666666666667
2022-10-13 20:14:00;249.1616666666667
2022-10-13 20:15:00;287.37833333333333
2022-10-13 20:16:00;279.2433333333333
2022-10-13 20:17:00;271.2166666666667
2022-10-13 20:18:00;265.455
2022-10-13 20:19:00;259.55833333333334
2022-10-13 20:20:00;221.08166666666665
2022-10-13 20:21:00;130.96333333333334
2022-10-13 20:22:00;130.10166666666666
2022-10-13 20:23:00;129.15833333333333
2022-10-13 20:24:00;128.85333333333335
2022-10-13 20:25:00;128.70833333333334
2022-10-13 20:26:00;128.60000000000002
2022-10-13 20:27:00;118.055
2022-10-13 20:28:00;0.0
2022-10-13 20:29:00;0.0
2022-10-13 20:30:00;0.0
2022-10-13 20:31:00;0.0
2022-10-13 20:32:00;0.0
2022-10-13 20:33:00;33.349999999999994
2022-10-13 20:34:00;157.51666666666668
2022-10-13 20:35:00;155.97999999999996
2022-10-13 20:36:00;147.59499999999997
2022-10-13 20:37:00;142.16833333333332
2022-10-13 20:38:00;138.045
2022-10-13 20:39:00;134.44833333333332
2022-10-13 20:40:00;133.61666666666667
2022-10-13 20:41:00;132.25000000000003
2022-10-13 20:42:00;284.46833333333325
2022-10-13 20:43:00;376.27
2022-10-13 20:44:00;432.915
2022-10-13 20:45:00;420.24333333333334
2022-10-13 20:46:00;407.06833333333344
2022-10-13 20:47:00;372.63833333333326
2022-10-13 20:48:00;266.7783333333333
2022-10-13 20:49:00;263.2966666666666
2022-10-13 20:50:00;260.9566666666667
2022-10-13 20:51:00;259.315
2022-10-13 20:52:00;258.08
2022-10-13 20:53:00;257.56
2022-10-13 20:54:00;257.3166666666667
2022-10-13 20:55:00;216.67333333333337
2022-10-13 20:56:00;128.52833333333334
2022-10-13 20:57:00;10.96
2022-10-13 20:58:00;0.0
2022-10-13 20:59:00;0.0
2022-10-13 21:00:00;0.0
2022-10-13 21:01:00;0.0
2022-10-13 21:02:00;0.0
2022-10-13 21:03:00;0.0
2022-10-13 21:04:00;0.0
2022-10-13 21:05:00;0.0
2022-10-13 21:06:00;0.0
2022-10-13 21:07:00;0.0
2022-10-13 21:08:00;0.0
2022-10-13 21:09:00;0.0
2022-10-13 21:10:00;0.0
2022-10-13 21:11:00;109.58833333333332
2022-10-13 21:12:00;313.2133333333333
2022-10-13 21:13:00;307.23333333333335
2022-10-13 21:14:00;292.88
2022-10-13 21:15:00;282.2683333333333
2022-10-13 21:16:00;273.44333333333327
2022-10-13 21:17:00;267.4433333333333
2022-10-13 21:18:00;264.64666666666665
2022-10-13 21:19:00;262.685
2022-10-13 21:20:00;260.3083333333333
2022-10-13 21:21:00;258.57666666666665
2022-10-13 21:22:00;257.03499999999997
2022-10-13 21:23:00;255.53
2022-10-13 21:24:00;253.5233333333333
2022-10-13 21:25:00;175.16333333333336
2022-10-13 21:26:00;156.3416666666667
2022-10-13 21:27:00;153.56333333333333
2022-10-13 21:28:00;145.48333333333332
2022-10-13 21:29:00;140.83333333333334
2022-10-13 21:30:00;135.985
2022-10-13 21:31:00;133.04
2022-10-13 21:32:00;131.31166666666664
2022-10-13 21:33:00;130.46333333333334
2022-10-13 21:34:00;129.50000000000003
2022-10-13 21:35:00;128.94833333333332
2022-10-13 21:36:00;128.75333333333336
2022-10-13 21:37:00;128.63833333333335
2022-10-13 21:38:00;128.55333333333334
2022-10-13 21:39:00;43.085
2022-10-13 21:40:00;0.0
2022-10-13 21:41:00;0.0
2022-10-13 21:42:00;0.0
2022-10-13 21:43:00;0.0
2022-10-13 21:44:00;0.0
2022-10-13 21:45:00;0.0
2022-10-13 21:46:00;0.0
2022-10-13 21:47:00;0.0
2022-10-13 21:48:00;0.0
2022-10-13 21:49:00;0.0
2022-10-13 21:50:00;0.0
2022-10-13 21:51:00;85.72666666666667
2022-10-13 21:52:00;266.0533333333334
2022-10-13 21:53:00;309.08333333333337
2022-10-13 21:54:00;296.5416666666667
2022-10-13 21:55:00;284.4916666666667
2022-10-13 21:56:00;275.2883333333333
2022-10-13 21:57:00;268.87333333333333
2022-10-13 21:58:00;264.8933333333333
2022-10-13 21:59:00;263.2583333333333
2022-10-13 22:00:00;260.87666666666667
2022-10-13 22:01:00;259.0816666666667
2022-10-13 22:02:00;257.53166666666664
2022-10-13 22:03:00;256.0266666666667
2022-10-13 22:04:00;254.55166666666668
2022-10-13 22:05:00;139.8733333333333
2022-10-13 22:06:00;39.17666666666666
2022-10-13 22:07:00;0.0
2022-10-13 22:08:00;0.0
2022-10-13 22:09:00;0.0
2022-10-13 22:10:00;0.0
2022-10-13 22:11:00;0.0
2022-10-13 22:12:00;0.0
2022-10-13 22:13:00;0.0
2022-10-13 22:14:00;0.0
2022-10-13 22:15:00;0.0
2022-10-13 22:16:00;0.0
2022-10-13 22:17:00;0.0
2022-10-13 22:18:00;103.89
2022-10-13 22:19:00;157.53
2022-10-13 22:20:00;152.625
2022-10-13 22:21:00;144.80833333333334
2022-10-13 22:22:00;140.34833333333336
2022-10-13 22:23:00;219.51500000000004
2022-10-13 22:24:00;290.645
2022-10-13 22:25:00;284.81999999999994
2022-10-13 22:26:00;275.91166666666675
2022-10-13 22:27:00;270.18000000000006
2022-10-13 22:28:00;263.99333333333334
2022-10-13 22:29:00;260.0866666666667
2022-10-13 22:30:00;257.21000000000004
2022-10-13 22:31:00;254.975
2022-10-13 22:32:00;172.62333333333336
2022-10-13 22:33:00;173.56666666666666
2022-10-13 22:34:00;284.76
2022-10-13 22:35:00;282.5766666666667
2022-10-13 22:36:00;274.3516666666667
2022-10-13 22:37:00;158.42
2022-10-13 22:38:00;206.32833333333335
2022-10-13 22:39:00;289.895
2022-10-13 22:40:00;283.94499999999994
2022-10-13 22:41:00;275.2633333333333
2022-10-13 22:42:00;269.87666666666667
2022-10-13 22:43:00;264.44499999999994
2022-10-13 22:44:00;261.555
2022-10-13 22:45:00;259.85833333333335
2022-10-13 22:46:00;258.91999999999996
2022-10-13 22:47:00;178.90833333333342
2022-10-13 22:48:00;128.91333333333333
2022-10-13 22:49:00;128.74166666666667
2022-10-13 22:50:00;128.6266666666667
2022-10-13 22:51:00;128.54166666666666
2022-10-13 22:52:00;28.09333333333333
2022-10-13 22:53:00;0.0
2022-10-13 22:54:00;2.805
2022-10-13 22:55:00;156.52833333333334
2022-10-13 22:56:00;156.58499999999995
2022-10-13 22:57:00;149.51000000000002
2022-10-13 22:58:00;143.04333333333338
2022-10-13 22:59:00;138.87
2022-10-13 23:00:00;135.155
2022-10-13 23:01:00;133.605
2022-10-13 23:02:00;132.5283333333333
2022-10-13 23:03:00;131.14
2022-10-13 23:04:00;129.75000000000003
2022-10-13 23:05:00;281.9666666666666
2022-10-13 23:06:00;282.8283333333333
2022-10-13 23:07:00;273.5183333333333
2022-10-13 23:08:00;266.4266666666667
2022-10-13 23:09:00;137.7466666666667
2022-10-13 23:10:00;133.6933333333333
2022-10-13 23:11:00;280.19999999999993
2022-10-13 23:12:00;286.7583333333333
2022-10-13 23:13:00;278.0683333333334
2022-10-13 23:14:00;271.4316666666666
2022-10-13 23:15:00;266.7216666666667
2022-10-13 23:16:00;262.455
2022-10-13 23:17:00;260.46333333333337
2022-10-13 23:18:00;218.85333333333332
2022-10-13 23:19:00;129.88833333333335
2022-10-13 23:20:00;129.06499999999997
2022-10-13 23:21:00;128.82166666666666
2022-10-13 23:22:00;128.6766666666667
2022-10-13 23:23:00;128.59166666666667
2022-10-13 23:24:00;92.34333333333332
2022-10-13 23:25:00;148.79833333333332
2022-10-13 23:26:00;156.765
2022-10-13 23:27:00;150.13500000000002
2022-10-13 23:28:00;143.35833333333332
2022-10-13 23:29:00;139.14833333333337
2022-10-13 23:30:00;135.39166666666668
2022-10-13 23:31:00;133.61999999999998
2022-10-13 23:32:00;132.62166666666664
2022-10-13 23:33:00;131.23166666666668
2022-10-13 23:34:00;129.84333333333333
2022-10-13 23:35:00;128.45166666666668
2022-10-13 23:36:00;127.06166666666664
2022-10-13 23:37:00;125.67333333333336
2022-10-13 23:38:00;124.28166666666668
2022-10-13 23:39:00;8.236666666666666
2022-10-13 23:40:00;0.0
2022-10-13 23:41:00;0.0
2022-10-13 23:42:00;0.0
2022-10-13 23:43:00;0.0
2022-10-13 23:44:00;0.0
2022-10-13 23:45:00;0.0
2022-10-13 23:46:00;0.0
2022-10-13 23:47:00;0.0
2022-10-13 23:48:00;0.0
2022-10-13 23:49:00;0.0
2022-10-13 23:50:00;0.0
2022-10-13 23:51:00;0.0
2022-10-13 23:52:00;0.0
2022-10-13 23:53:00;0.0
2022-10-13 23:54:00;0.0
2022-10-13 23:55:00;0.0
2022-10-13 23:56:00;0.0
2022-10-13 23:57:00;0.0
2022-10-13 23:58:00;0.0
2022-10-13 23:59:00;0.0
